<?xml version="1.0" encoding="UTF-8" ?>
<!DOCTYPE mapper
PUBLIC "-//mybatis.org//DTD Mapper 3.0//EN"
"http://mybatis.org/dtd/mybatis-3-mapper.dtd">
<mapper namespace="m">
	<select id="member_list" resultType="member">
		select * from MEMBER1 order by idx DESC
	</select>
	
	<!-- 회원가입 -->
	<insert id="insert_user" parameterType="member">
		insert into MEMBER1 values(
			seq_member1.nextVal, 
			#{id},
			#{nickname}, 
			#{pwd}, 
			#{addr})
	</insert>
	
	<!-- 아이디 중복체크 -->
	<select id="check_id" resultType="member" parameterType="String">
		select * from member1 where id=#{id}
	</select>
	<!-- 닉네임 중복체크 -->
	<select id="check_nickname" resultType="member" parameterType="String">
		select * from member1 where nickname=#{nickname}
	</select>	
	<!-- 회원삭제 -->
	<delete id="delMember" parameterType="int">
		delete from MEMBER1 where idx=#{idx}
	</delete>
	
	<!-- 로그인을 위한 id체크 -->
	<select id="login_id" parameterType="String" resultType="member">
		select * from MEMBER1 where id=#{id} 
	</select>
</mapper>

























